event_id,customer_id,event_ts,event_type
471,116,2024-05-27,visit
485,120,2023-05-22,purchase
486,120,2023-05-23,visit
487,120,2023-10-19,visit
488,120,2024-01-09,visit
489,120,2024-01-29,purchase
490,120,2024-05-02,purchase
511,128,2024-12-25,visit
512,128,2024-12-25,visit
513,128,2024-12-27,visit
514,128,2024-12-29,trial_start
515,128,2024-12-30,visit
917,219,2024-04-03,visit
918,219,2024-08-17,purchase
919,219,2024-11-06,visit
920,219,2024-11-22,purchase
1029,248,2024-05-01,visit
1030,248,2024-06-13,purchase
1031,248,2024-11-30,cancel
1298,314,2024-11-18,purchase
1299,314,2024-12-16,trial_start
1300,314,2024-12-20,trial_start
1335,323,2023-09-20,visit
1336,323,2023-12-18,visit
1337,323,2024-01-28,purchase
1338,323,2024-02-05,visit
1339,323,2024-03-05,visit
1340,323,2024-07-30,purchase
1341,323,2024-09-09,signup
1342,323,2024-11-02,cancel
1411,342,2023-10-20,visit
1412,342,2023-12-20,purchase
1413,342,2024-05-24,signup
1414,342,2024-07-12,visit
1458,352,2024-01-31,trial_start
1459,352,2024-02-23,visit
1460,352,2024-03-20,visit
1461,352,2024-04-30,visit
1462,352,2024-05-21,visit
1463,352,2024-10-09,visit
1464,352,2024-10-15,signup
1616,386,2024-06-25,visit
1617,386,2024-06-27,trial_start
1618,386,2024-09-03,visit
1619,386,2024-09-04,purchase
1620,386,2024-12-01,purchase
1621,386,2024-12-24,visit
1718,410,2024-05-18,visit
1719,410,2024-06-14,visit
1720,410,2024-10-20,visit
1721,410,2024-12-31,cancel
1828,439,2023-05-22,signup
1829,439,2023-12-10,signup
1830,439,2024-08-04,purchase
1864,448,2023-11-08,purchase
1875,452,2024-06-06,purchase
1966,475,2023-12-08,purchase
1967,475,2024-02-12,purchase
1968,475,2024-09-25,signup
2006,485,2023-11-10,trial_start
2007,485,2024-10-20,visit
2086,504,2024-09-04,signup
2087,504,2024-10-12,signup
2088,504,2024-11-17,signup
2089,504,2024-12-03,purchase
2090,504,2024-12-14,visit
2091,504,2024-12-22,visit
2474,607,2024-01-08,visit
2475,607,2024-10-16,visit
2845,696,2024-03-01,visit
2846,696,2024-03-14,visit
2847,696,2024-07-17,visit
2848,696,2024-07-22,purchase
2849,696,2024-07-29,signup
2850,696,2024-09-19,purchase
2851,696,2024-09-24,signup
2852,696,2024-10-10,purchase
3041,739,2023-08-03,purchase
3042,739,2023-09-07,cancel
3043,739,2023-12-01,visit
3044,739,2024-06-10,visit
3045,739,2024-11-29,signup
3316,804,2023-10-21,visit
3317,804,2024-06-25,purchase
3318,804,2024-07-31,cancel
3319,804,2024-10-26,visit
3360,813,2023-05-10,visit
3361,813,2023-06-10,visit
3362,813,2023-06-27,purchase
3363,813,2024-12-26,visit
3431,829,2024-11-08,visit
3432,829,2024-11-09,visit
3433,829,2024-11-20,visit
3434,829,2024-11-30,visit
3435,829,2024-12-03,trial_start
3436,829,2024-12-07,visit
3538,857,2023-08-16,visit
3539,857,2023-09-28,visit
3540,857,2023-11-19,purchase
3618,879,2024-04-14,trial_start
3619,879,2024-07-27,visit
3620,879,2024-09-06,visit
3822,937,2024-12-12,visit
3823,937,2024-12-14,purchase
3824,937,2024-12-23,visit
3825,937,2024-12-30,purchase
3932,961,2023-06-21,visit
3933,961,2024-03-06,visit
3934,961,2024-07-03,visit
3935,961,2024-12-27,visit
3980,972,2023-11-09,signup
3981,972,2023-12-10,visit
3982,972,2024-01-13,visit
3983,972,2024-02-16,visit
3984,972,2024-07-07,purchase
3985,972,2024-09-03,visit
3986,972,2024-12-31,purchase
4010,981,2023-12-26,purchase
4011,981,2024-05-03,visit
4012,981,2024-11-28,trial_start
4013,981,2024-12-18,visit
4075,994,2023-11-22,purchase
4076,994,2024-06-29,trial_start
4077,994,2024-09-12,trial_start
4123,1007,2024-08-31,visit
4124,1007,2024-09-12,purchase
4125,1007,2024-10-22,visit
4126,1007,2024-10-26,signup
4127,1007,2024-11-24,visit
4128,1007,2024-12-18,purchase
4129,1007,2024-12-20,cancel
4211,1028,2023-03-08,visit
4212,1028,2023-06-10,purchase
4213,1028,2024-04-12,visit
4214,1028,2024-07-16,purchase
4215,1028,2024-11-06,purchase
4254,1035,2024-05-21,purchase
4255,1035,2024-06-01,visit
4256,1035,2024-06-06,visit
4257,1035,2024-09-06,visit
4258,1035,2024-09-25,cancel
4427,1078,2024-09-04,visit
4485,1093,2023-12-22,purchase
4486,1093,2024-04-21,cancel
4487,1093,2024-05-07,trial_start
4581,1115,2024-09-17,trial_start
4582,1115,2024-11-14,trial_start
4853,1183,2024-12-02,visit
4854,1183,2024-12-16,purchase
4855,1183,2024-12-24,purchase
5225,1273,2024-03-31,visit
5226,1273,2024-06-14,visit
5227,1273,2024-10-22,signup
5228,1273,2024-10-25,visit
5536,1347,2023-08-18,visit
5537,1347,2023-08-23,visit
5538,1347,2024-03-14,trial_start
5539,1347,2024-04-04,visit
5540,1347,2024-11-18,purchase
5816,1420,2024-10-15,visit
5937,1454,2023-12-11,cancel
5938,1454,2023-12-30,trial_start
5939,1454,2024-02-20,visit
5940,1454,2024-02-27,visit
5941,1454,2024-09-19,purchase
6218,1531,2024-05-08,purchase
6219,1531,2024-06-01,trial_start
6220,1531,2024-06-27,signup
6221,1531,2024-07-10,purchase
6222,1531,2024-07-19,cancel
6223,1531,2024-07-22,purchase
6224,1531,2024-09-13,visit
6225,1531,2024-10-02,signup
6478,1600,2023-07-29,visit
6479,1600,2024-06-09,visit
6480,1600,2024-08-06,visit
6493,1605,2024-01-10,visit
6494,1605,2024-05-29,purchase
6495,1605,2024-06-06,visit
6496,1605,2024-09-16,trial_start
6497,1605,2024-09-16,cancel
6498,1605,2024-11-03,visit
6827,1693,2023-04-15,visit
6828,1693,2024-03-11,visit
6829,1693,2024-03-17,signup
6830,1693,2024-10-09,purchase
6904,1711,2024-11-18,signup
6905,1711,2024-11-20,purchase
6906,1711,2024-12-14,visit
6907,1711,2024-12-19,visit
6908,1711,2024-12-21,purchase
7014,1740,2024-10-29,signup
7015,1740,2024-11-04,signup
7016,1740,2024-11-05,signup
7017,1740,2024-11-06,trial_start
7018,1740,2024-11-19,signup
7019,1740,2024-12-19,purchase
7020,1740,2024-12-21,trial_start
7050,1748,2023-12-22,signup
7051,1748,2024-02-02,purchase
7052,1748,2024-04-30,signup
7053,1748,2024-10-03,trial_start
7695,1906,2024-11-26,cancel
7696,1906,2024-12-13,visit
7697,1906,2024-12-16,trial_start
7915,1963,2023-05-06,visit
7916,1963,2023-07-02,visit
7917,1963,2024-02-14,purchase
7918,1963,2024-02-17,signup
7919,1963,2024-06-20,visit
7920,1963,2024-11-03,cancel
7921,1963,2024-12-29,visit
7938,1969,2024-10-17,signup
7939,1969,2024-12-15,trial_start
7940,1969,2024-12-22,trial_start
7941,1969,2024-12-24,signup
8060,1995,2024-01-08,signup
8061,1995,2024-02-14,trial_start
8239,2042,2024-11-07,visit
8240,2042,2024-11-26,visit
8241,2042,2024-11-26,purchase
8518,2113,2024-05-07,purchase
8519,2113,2024-06-19,visit
8520,2113,2024-07-04,cancel
8521,2113,2024-08-06,visit
8522,2113,2024-09-18,trial_start
8539,2120,2024-03-22,purchase
8540,2120,2024-06-28,visit
8541,2120,2024-11-30,purchase
8566,2128,2024-08-08,visit
8567,2128,2024-09-05,purchase
8568,2128,2024-09-27,purchase
8569,2128,2024-12-27,trial_start
8756,2175,2024-02-08,visit
8757,2175,2024-04-28,visit
8758,2175,2024-12-11,trial_start
8860,2196,2023-10-15,purchase
8861,2196,2024-08-04,purchase
8957,2222,2024-10-18,visit
8958,2222,2024-10-27,visit
9287,2301,2024-08-01,purchase
9288,2301,2024-11-07,visit
9376,2326,2024-03-04,trial_start
9377,2326,2024-04-18,visit
9584,2381,2024-01-02,visit
9585,2381,2024-04-07,visit
9586,2381,2024-09-01,purchase
10000,2481,2024-10-28,purchase
10001,2481,2024-11-26,signup
10010,2484,2024-05-04,visit
10011,2484,2024-08-06,visit
10012,2484,2024-08-28,purchase
10013,2484,2024-12-05,purchase
10277,2546,2023-09-27,signup
10278,2546,2023-11-12,visit
10279,2546,2024-02-02,visit
10280,2546,2024-03-03,purchase
10281,2546,2024-03-09,visit
10282,2546,2024-06-22,visit
10283,2546,2024-10-18,visit
10284,2546,2024-12-18,purchase
10931,2704,2024-01-07,purchase
10932,2704,2024-03-29,trial_start
10933,2704,2024-04-09,visit
10934,2704,2024-04-30,purchase
10935,2704,2024-06-03,visit
10936,2704,2024-07-14,visit
10967,2713,2023-11-29,trial_start
11034,2731,2024-03-15,visit
11035,2731,2024-09-02,visit
11036,2731,2024-10-09,visit
11037,2731,2024-10-19,trial_start
11193,2767,2023-04-10,visit
11194,2767,2023-06-19,visit
11195,2767,2023-11-26,purchase
11196,2767,2023-12-01,purchase
11197,2767,2024-08-19,trial_start
11198,2767,2024-08-28,trial_start
11265,2784,2024-01-25,visit
11266,2784,2024-04-21,trial_start
11267,2784,2024-08-20,visit
11377,2815,2024-01-05,cancel
11378,2815,2024-04-11,visit
11379,2815,2024-10-07,cancel
11380,2815,2024-10-22,purchase
11504,2849,2024-04-21,visit
11505,2849,2024-07-25,purchase
11506,2849,2024-08-24,visit
11507,2849,2024-09-19,visit
11508,2849,2024-10-02,visit
11509,2849,2024-10-23,visit
11967,2960,2024-04-24,visit
11968,2960,2024-06-14,visit
11969,2960,2024-11-04,signup
11970,2960,2024-11-10,cancel
11971,2960,2024-12-13,visit
12140,3003,2024-03-04,trial_start
12141,3003,2024-05-28,visit
12142,3003,2024-09-15,trial_start
12143,3003,2024-11-30,visit
12218,3025,2024-08-23,visit
12219,3025,2024-09-26,visit
12411,3074,2023-07-30,visit
12412,3074,2023-08-15,trial_start
12413,3074,2023-08-18,purchase
12414,3074,2023-10-11,signup
12415,3074,2024-03-15,visit
12416,3074,2024-07-21,purchase
12417,3074,2024-12-17,visit
12894,3190,2024-01-04,purchase
12895,3190,2024-04-20,visit
12896,3190,2024-06-08,visit
12897,3190,2024-07-31,visit
12980,3211,2024-10-03,visit
12981,3211,2024-11-01,trial_start
12982,3211,2024-11-21,purchase
12983,3212,2024-03-28,visit
12984,3212,2024-04-15,visit
12985,3212,2024-06-30,trial_start
13202,3270,2024-05-17,visit
13203,3270,2024-05-24,visit
13204,3270,2024-06-17,signup
13205,3270,2024-07-29,purchase
13206,3270,2024-09-10,visit
13207,3270,2024-10-19,signup
13208,3270,2024-12-30,purchase
13309,3296,2023-08-17,cancel
13310,3296,2023-09-08,visit
13311,3296,2023-11-08,signup
13312,3296,2023-11-10,visit
13313,3296,2023-12-16,visit
13314,3296,2024-03-25,purchase
13315,3296,2024-09-16,visit
13316,3296,2024-09-18,trial_start
13317,3296,2024-11-12,trial_start
13327,3299,2024-01-08,visit
13328,3299,2024-01-16,visit
13749,3406,2024-06-27,visit
13750,3406,2024-08-30,purchase
13751,3406,2024-12-31,visit
13862,3435,2024-01-23,purchase
13863,3435,2024-11-06,visit
13975,3462,2024-10-24,purchase
13976,3462,2024-11-08,purchase
13977,3462,2024-11-26,visit
13978,3462,2024-12-22,trial_start
14050,3482,2024-11-25,visit
14207,3520,2024-10-17,visit
14208,3520,2024-11-15,visit
14209,3520,2024-12-15,visit
14230,3526,2023-11-17,cancel
14231,3526,2024-06-04,trial_start
14353,3560,2024-07-26,trial_start
14354,3560,2024-08-10,visit
14355,3560,2024-09-21,visit
14393,3571,2024-07-23,purchase
14394,3571,2024-08-04,trial_start
14395,3571,2024-10-15,visit
14691,3650,2024-02-17,purchase
14692,3650,2024-04-05,visit
14693,3650,2024-04-06,visit
14774,3670,2023-08-09,visit
14775,3670,2023-10-07,purchase
14776,3670,2023-11-12,visit
14777,3670,2024-02-13,visit
15117,3753,2023-11-08,visit
15118,3753,2023-12-10,visit
15119,3753,2023-12-18,visit
15120,3753,2024-08-11,visit
15121,3753,2024-09-04,visit
15213,3777,2023-10-25,visit
15214,3777,2023-11-29,visit
15215,3777,2024-01-13,purchase
15216,3777,2024-01-25,visit
15217,3777,2024-04-22,visit
15218,3777,2024-06-08,visit
15225,3779,2023-07-24,purchase
15226,3779,2024-03-01,purchase
15283,3796,2024-11-27,visit
15284,3796,2024-12-01,visit
15285,3796,2024-12-12,visit
15286,3796,2024-12-28,visit
15433,3827,2023-02-13,purchase
15434,3827,2023-05-14,purchase
15435,3827,2023-08-23,visit
15436,3827,2023-12-20,trial_start
15863,3942,2024-03-01,trial_start
15864,3942,2024-06-25,purchase
15865,3942,2024-06-27,visit
15866,3942,2024-07-13,purchase
15867,3942,2024-11-18,trial_start
15884,3948,2024-04-18,visit
15885,3948,2024-09-07,signup
15886,3948,2024-09-16,visit
15999,3972,2024-08-31,visit
16000,3972,2024-09-17,visit
16001,3972,2024-12-04,visit
16002,3972,2024-12-14,visit
16003,3972,2024-12-20,trial_start
16012,3976,2023-07-19,purchase
16013,3976,2024-12-31,trial_start
16135,4008,2024-03-17,visit
16136,4008,2024-08-01,visit
16137,4008,2024-12-10,trial_start
16235,4033,2024-12-14,purchase
16236,4033,2024-12-16,visit
16237,4033,2024-12-16,visit
16238,4033,2024-12-17,visit
16239,4033,2024-12-20,visit
16251,4038,2023-10-18,visit
16252,4038,2024-03-27,signup
16253,4038,2024-07-02,visit
16341,4059,2023-07-26,purchase
16342,4059,2023-07-30,signup
16343,4059,2023-09-11,visit
16344,4059,2023-10-30,visit
16345,4059,2024-03-16,trial_start
16346,4059,2024-04-14,visit
16347,4059,2024-08-14,trial_start
16348,4059,2024-09-01,purchase
16396,4070,2024-08-12,visit
16825,4187,2024-08-18,trial_start
16826,4187,2024-08-29,purchase
16827,4187,2024-11-20,purchase
16828,4187,2024-11-22,trial_start
17316,4310,2024-02-25,trial_start
17317,4310,2024-08-27,visit
17408,4334,2024-04-15,signup
17409,4334,2024-06-22,trial_start
17410,4334,2024-07-20,purchase
17411,4334,2024-08-25,trial_start
17412,4334,2024-09-05,signup
17413,4334,2024-10-21,visit
17414,4334,2024-11-01,signup
17415,4334,2024-11-12,visit
17427,4338,2023-12-09,visit
17428,4338,2023-12-13,purchase
17429,4338,2023-12-31,visit
17430,4338,2024-10-13,signup
17719,4411,2024-03-11,visit
17720,4411,2024-08-17,visit
17721,4411,2024-09-26,visit
17722,4411,2024-10-22,purchase
17746,4421,2024-05-12,visit
17747,4421,2024-08-17,visit
17849,4449,2024-07-15,visit
17850,4449,2024-09-02,visit
17851,4449,2024-09-14,visit
17852,4449,2024-12-01,visit
17853,4449,2024-12-08,signup
17854,4449,2024-12-15,purchase
17988,4485,2023-11-25,visit
18136,4520,2023-11-03,visit
18137,4520,2024-05-13,visit
18138,4520,2024-05-23,purchase
18139,4520,2024-06-14,visit
18140,4520,2024-08-29,visit
18482,4611,2023-12-02,trial_start
18483,4611,2024-03-27,visit
18484,4611,2024-10-10,signup
18485,4611,2024-10-19,trial_start
18525,4623,2024-12-02,signup
18544,4630,2024-04-22,visit
18698,4668,2023-05-12,trial_start
18699,4668,2023-06-04,visit
18812,4694,2023-04-11,visit
18813,4694,2023-09-12,visit
18814,4694,2024-11-01,visit
19003,4741,2024-06-15,cancel
19004,4741,2024-07-09,visit
19005,4741,2024-07-11,cancel
19006,4741,2024-08-13,visit
19007,4741,2024-08-25,signup
19008,4741,2024-09-22,visit
19009,4741,2024-10-30,visit
19010,4741,2024-11-16,trial_start
19011,4741,2024-11-24,visit
19012,4741,2024-12-03,purchase
19013,4741,2024-12-16,visit
19032,4746,2024-01-30,trial_start
19033,4746,2024-02-01,signup
19034,4746,2024-07-26,trial_start
19035,4746,2024-10-09,visit
19140,4771,2024-03-12,visit
19141,4771,2024-07-16,visit
19301,4808,2023-08-18,visit
19302,4808,2023-12-12,visit
19303,4808,2024-08-27,purchase
19304,4808,2024-09-01,visit
19728,4910,2024-11-07,purchase
19729,4910,2024-12-06,purchase
19730,4910,2024-12-10,visit
19731,4910,2024-12-11,visit
19830,4937,2024-09-12,visit
19948,4974,2023-05-04,visit
19949,4974,2023-07-20,trial_start
19950,4974,2023-08-26,visit
19951,4974,2023-09-19,visit
19952,4974,2024-01-12,visit
19953,4974,2024-08-01,trial_start
19954,4974,2024-10-01,purchase
19955,4974,2024-12-18,signup
19988,4982,2024-05-10,cancel
19989,4982,2024-06-01,visit
19990,4982,2024-07-20,signup
19991,4982,2024-08-25,visit
19992,4982,2024-09-22,visit
19993,4982,2024-12-12,purchase
20028,4992,2024-03-20,visit
20029,4992,2024-05-21,visit
20511,5108,2024-12-02,visit
20512,5108,2024-12-04,visit
20513,5108,2024-12-08,cancel
20514,5108,2024-12-09,cancel
20515,5108,2024-12-13,visit
20516,5108,2024-12-18,visit
20517,5108,2024-12-23,signup
20518,5108,2024-12-27,trial_start
20553,5118,2024-12-24,cancel
20554,5118,2024-12-25,visit
20555,5118,2024-12-25,purchase
20556,5118,2024-12-28,visit
20557,5118,2024-12-29,visit
20558,5118,2024-12-29,purchase
20559,5118,2024-12-30,purchase
20560,5118,2024-12-30,purchase
20561,5118,2024-12-30,trial_start
20627,5136,2024-12-30,visit
20628,5136,2024-12-31,visit
20940,5212,2024-01-29,trial_start
20941,5212,2024-02-10,visit
20942,5212,2024-04-06,visit
20943,5212,2024-04-17,purchase
20944,5212,2024-07-07,visit
20945,5212,2024-08-27,trial_start
21124,5253,2024-06-29,visit
21125,5253,2024-08-24,purchase
21126,5253,2024-11-02,visit
21127,5253,2024-11-15,signup
21128,5253,2024-12-04,visit
21505,5346,2024-06-16,signup
21506,5346,2024-07-30,cancel
21507,5346,2024-09-17,visit
21508,5346,2024-10-10,cancel
21547,5358,2023-09-05,purchase
21548,5358,2024-01-27,purchase
21549,5358,2024-09-16,visit
21550,5358,2024-11-30,cancel
21649,5383,2024-03-19,purchase
21650,5383,2024-03-30,purchase
21651,5383,2024-05-16,visit
21652,5383,2024-06-08,visit
21653,5383,2024-07-07,visit
21654,5383,2024-08-08,visit
21655,5383,2024-11-19,purchase
21656,5383,2024-12-09,visit
21657,5383,2024-12-20,purchase
21935,5454,2024-03-27,visit
21936,5454,2024-04-03,visit
21937,5454,2024-06-18,visit
21938,5454,2024-07-20,visit
21939,5454,2024-08-05,visit
21940,5454,2024-12-15,visit
21941,5454,2024-12-30,signup
22052,5484,2024-08-02,signup
22053,5484,2024-11-01,visit
22054,5484,2024-12-03,visit
22345,5558,2024-02-24,purchase
22362,5562,2024-09-13,purchase
22363,5562,2024-09-17,visit
22364,5562,2024-10-31,visit
22365,5562,2024-12-14,signup
22717,5648,2024-04-01,visit
22718,5648,2024-09-24,visit
22973,5710,2023-05-30,visit
22974,5710,2023-10-01,visit
22975,5710,2024-02-25,visit
22976,5710,2024-10-26,visit
23086,5744,2024-12-08,visit
23099,5747,2024-06-14,visit
23100,5747,2024-07-09,visit
23270,5793,2024-09-10,visit
23271,5793,2024-11-13,purchase
23272,5793,2024-12-02,visit
23273,5793,2024-12-13,visit
23317,5805,2023-06-16,visit
23366,5818,2023-06-27,visit
23367,5818,2023-07-04,purchase
23368,5818,2023-12-17,visit
23369,5818,2024-01-27,visit
23370,5818,2024-03-29,purchase
23371,5818,2024-06-24,visit
23843,5934,2024-05-17,visit
23844,5934,2024-10-10,visit
23845,5934,2024-10-26,purchase
23846,5934,2024-12-16,visit
23847,5934,2024-12-20,purchase
23961,5971,2023-10-16,visit
23962,5971,2023-11-29,visit
23963,5971,2024-07-05,visit
23964,5971,2024-07-28,visit
23965,5971,2024-09-14,visit
23966,5971,2024-12-27,visit
24059,5996,2024-12-19,trial_start
24060,5996,2024-12-19,cancel
24061,5996,2024-12-20,visit
24062,5996,2024-12-22,trial_start
24063,5996,2024-12-27,visit
24064,5996,2024-12-28,visit
24065,5996,2024-12-29,visit
24066,5996,2024-12-29,cancel
24067,5996,2024-12-30,trial_start
24814,6196,2023-12-05,cancel
24815,6196,2024-08-20,signup
24816,6196,2024-09-20,purchase
24817,6196,2024-11-06,visit
24818,6196,2024-11-20,purchase
24881,6210,2024-01-08,trial_start
24882,6210,2024-01-14,visit
24883,6210,2024-10-28,visit
24909,6217,2023-07-24,visit
24910,6217,2024-01-11,trial_start
24911,6217,2024-11-07,cancel
25113,6271,2024-04-01,visit
25114,6271,2024-11-13,purchase
25115,6272,2024-12-30,visit
25175,6287,2024-11-27,visit
25176,6287,2024-12-13,visit
25177,6287,2024-12-13,trial_start
25178,6287,2024-12-17,trial_start
25179,6287,2024-12-20,signup
25180,6287,2024-12-30,visit
25181,6287,2024-12-31,visit
25274,6312,2023-08-12,visit
25275,6312,2024-01-10,visit
25276,6312,2024-07-20,visit
25277,6312,2024-08-05,signup
25278,6312,2024-08-16,purchase
25279,6312,2024-09-15,purchase
25280,6312,2024-10-24,visit
25438,6353,2024-02-23,purchase
25439,6353,2024-04-30,visit
25440,6353,2024-06-13,visit
25441,6353,2024-11-21,visit
25559,6385,2023-08-11,visit
25560,6385,2024-04-01,visit
25561,6385,2024-05-25,trial_start
25562,6385,2024-10-12,visit
25563,6386,2024-11-14,purchase
25706,6419,2024-07-18,purchase
25707,6419,2024-08-06,visit
25708,6419,2024-08-17,visit
25709,6419,2024-08-21,visit
25710,6419,2024-08-22,visit
25957,6483,2024-10-08,visit
25958,6483,2024-10-31,purchase
25959,6483,2024-11-11,signup
25960,6483,2024-11-19,signup
25961,6483,2024-11-26,signup
25962,6483,2024-12-13,visit
25963,6483,2024-12-15,trial_start
25964,6483,2024-12-20,purchase
25965,6483,2024-12-31,trial_start
26060,6505,2023-09-28,trial_start
26061,6505,2024-01-16,trial_start
26062,6505,2024-04-01,purchase
26063,6505,2024-10-10,trial_start
26064,6505,2024-10-28,purchase
26120,6518,2024-02-24,visit
26121,6518,2024-03-20,purchase
26122,6518,2024-07-09,cancel
26458,6601,2024-07-18,cancel
26459,6601,2024-12-21,signup
26664,6651,2024-04-05,visit
26665,6651,2024-04-27,visit
26666,6651,2024-07-03,visit
26667,6651,2024-11-13,visit
26668,6651,2024-12-06,visit
26840,6688,2024-08-10,signup
26841,6688,2024-09-22,purchase
26898,6704,2024-06-11,visit
26899,6704,2024-08-30,purchase
26900,6704,2024-09-03,visit
26901,6704,2024-09-26,visit
26902,6704,2024-11-06,trial_start
26903,6704,2024-12-05,visit
26966,6718,2024-03-20,signup
26967,6718,2024-04-22,purchase
26968,6718,2024-08-24,visit
26969,6718,2024-10-17,trial_start
27174,6770,2024-06-01,visit
27175,6770,2024-07-10,trial_start
27366,6814,2024-12-01,purchase
27367,6814,2024-12-02,visit
27368,6814,2024-12-20,purchase
27647,6886,2024-06-07,signup
27648,6886,2024-07-15,visit
27649,6886,2024-07-17,trial_start
27650,6886,2024-08-18,purchase
27651,6886,2024-11-18,visit
27742,6910,2024-11-22,purchase
27743,6910,2024-11-22,visit
27744,6910,2024-11-29,visit
27745,6910,2024-12-16,visit
27746,6910,2024-12-27,purchase
27920,6956,2023-12-28,trial_start
27921,6956,2024-03-13,purchase
27922,6956,2024-12-23,visit
28411,7086,2024-01-19,purchase
28412,7086,2024-04-05,cancel
28413,7086,2024-07-11,visit
28414,7086,2024-10-15,purchase
28718,7162,2024-01-04,purchase
28719,7162,2024-04-15,visit
28720,7162,2024-06-06,visit
28721,7162,2024-08-13,trial_start
28722,7162,2024-08-30,cancel
28723,7162,2024-12-05,visit
28792,7182,2023-11-12,cancel
29163,7278,2024-03-28,visit
29164,7278,2024-04-26,visit
29230,7294,2024-04-28,visit
29231,7294,2024-06-28,visit
29232,7294,2024-09-17,visit
29233,7294,2024-11-13,trial_start
29805,7435,2023-10-30,visit
29806,7435,2023-11-19,trial_start
29807,7435,2024-02-29,signup
29808,7435,2024-03-04,purchase
29809,7435,2024-03-18,visit
29810,7435,2024-04-19,trial_start
29811,7435,2024-07-13,trial_start
29812,7435,2024-10-23,visit
29828,7440,2024-07-29,purchase
29829,7440,2024-08-04,signup
29830,7440,2024-09-06,visit
29831,7440,2024-09-17,visit
29832,7440,2024-09-26,trial_start
29833,7440,2024-10-17,visit
29834,7440,2024-10-25,purchase
29908,7459,2024-02-11,visit
29909,7460,2024-05-20,purchase
30056,7500,2024-04-19,purchase
30274,7555,2024-08-07,cancel
30315,7568,2023-12-20,visit
30316,7568,2024-03-21,visit
30317,7568,2024-06-08,purchase
30318,7568,2024-08-12,signup
30319,7568,2024-10-29,signup
30320,7568,2024-11-01,purchase
30333,7572,2024-09-29,visit
30334,7572,2024-10-24,visit
30335,7572,2024-10-27,visit
30336,7572,2024-11-25,signup
30337,7572,2024-11-29,visit
30338,7572,2024-12-03,visit
30339,7572,2024-12-16,purchase
30740,7667,2024-03-21,visit
30741,7667,2024-05-24,purchase
30742,7667,2024-08-10,visit
30743,7667,2024-12-13,visit
30744,7668,2024-06-29,trial_start
30745,7668,2024-09-25,visit
30970,7714,2024-05-12,trial_start
30971,7714,2024-05-17,visit
30972,7714,2024-05-31,visit
30973,7714,2024-09-24,purchase
30974,7714,2024-10-11,trial_start
30975,7714,2024-10-25,visit
30994,7721,2024-01-02,visit
30995,7721,2024-02-02,visit
30996,7721,2024-08-31,trial_start
30997,7721,2024-09-16,visit
30998,7721,2024-09-29,signup
30999,7721,2024-10-21,visit
31005,7723,2024-07-10,visit
31006,7723,2024-11-25,visit
31018,7726,2023-12-18,purchase
31019,7726,2024-04-02,visit
31020,7726,2024-04-08,visit
31021,7726,2024-07-09,visit
31185,7764,2024-12-18,visit
31186,7764,2024-12-20,visit
31187,7764,2024-12-21,visit
31188,7764,2024-12-23,purchase
31189,7764,2024-12-28,visit
31646,7880,2024-01-15,signup
31647,7880,2024-03-21,visit
31648,7880,2024-08-27,trial_start
31649,7880,2024-10-19,visit
31650,7880,2024-11-24,visit
31679,7887,2024-06-22,purchase
31680,7887,2024-09-22,visit
31681,7887,2024-11-13,purchase
31682,7887,2024-11-25,visit
31683,7887,2024-12-03,purchase
31776,7912,2024-01-20,trial_start
31777,7912,2024-02-21,trial_start
31778,7912,2024-05-22,purchase
31779,7912,2024-10-10,visit
31780,7912,2024-10-15,trial_start
31819,7921,2024-06-07,visit
31820,7921,2024-09-12,visit
31821,7921,2024-09-19,visit
31822,7921,2024-10-05,visit
31823,7921,2024-10-07,trial_start
32090,7989,2023-12-11,trial_start
32091,7989,2023-12-21,visit
32092,7989,2024-04-09,trial_start
32093,7989,2024-06-30,signup
32094,7989,2024-12-27,signup
32423,8073,2023-02-24,visit
32424,8073,2023-06-15,visit
32425,8073,2023-07-12,visit
32426,8073,2024-04-09,signup
32427,8073,2024-06-30,visit
32524,8095,2024-04-06,purchase
32525,8095,2024-07-29,visit
32526,8095,2024-09-13,purchase
32527,8095,2024-11-04,signup
32528,8095,2024-11-10,visit
32529,8095,2024-12-28,visit
32588,8110,2024-08-14,trial_start
32589,8110,2024-11-26,visit
32590,8110,2024-12-22,visit
32607,8116,2024-03-16,purchase
32608,8116,2024-04-18,visit
32609,8116,2024-04-24,purchase
32610,8116,2024-10-05,purchase
32615,8118,2023-10-29,trial_start
32616,8118,2024-06-25,visit
32617,8118,2024-08-09,visit
32670,8130,2024-05-15,visit
32988,8214,2024-10-10,visit
33303,8293,2024-10-09,trial_start
33304,8293,2024-11-22,visit
33794,8427,2024-11-21,signup
33795,8427,2024-12-16,trial_start
33796,8427,2024-12-30,purchase
34159,8511,2023-09-26,visit
34160,8511,2023-10-22,visit
34161,8511,2024-02-18,visit
34162,8511,2024-05-12,visit
34163,8511,2024-05-27,purchase
34285,8546,2024-09-18,signup
34286,8546,2024-12-05,visit
34287,8546,2024-12-17,visit
34436,8583,2023-11-05,purchase
34437,8583,2023-11-17,purchase
34510,8601,2024-05-31,trial_start
34511,8601,2024-06-03,visit
34512,8601,2024-06-19,purchase
34513,8601,2024-06-23,trial_start
34514,8601,2024-09-18,visit
34515,8601,2024-12-20,cancel
34523,8603,2024-05-29,purchase
34524,8603,2024-07-13,trial_start
34525,8603,2024-07-18,visit
34526,8603,2024-11-02,visit
34527,8603,2024-11-08,signup
34528,8603,2024-12-10,visit
34542,8609,2024-09-20,purchase
34543,8609,2024-12-17,visit
34606,8627,2024-06-27,signup
34607,8627,2024-08-22,trial_start
34608,8627,2024-09-01,visit
34609,8627,2024-11-08,trial_start
34610,8627,2024-12-26,visit
34777,8669,2024-08-22,visit
34778,8669,2024-09-30,purchase
34779,8669,2024-10-11,purchase
34780,8669,2024-10-21,visit
34781,8669,2024-11-20,visit
35325,8804,2024-01-18,visit
35326,8804,2024-05-09,visit
35327,8804,2024-06-09,visit
35415,8831,2024-09-12,visit
35416,8831,2024-11-02,signup
35417,8831,2024-12-01,visit
35503,8852,2023-10-30,visit
35504,8852,2024-02-19,visit
35505,8852,2024-03-29,visit
35506,8852,2024-07-17,visit
35507,8852,2024-11-17,signup
35550,8863,2023-11-02,purchase
35586,8874,2024-03-25,visit
35587,8874,2024-08-05,trial_start
35588,8874,2024-11-19,visit
35658,8892,2024-08-05,visit
35659,8892,2024-08-30,trial_start
35898,8957,2024-11-24,visit
35899,8957,2024-12-07,purchase
35900,8957,2024-12-22,signup
35901,8957,2024-12-23,purchase
35902,8958,2023-02-06,visit
35903,8958,2023-05-07,visit
35904,8958,2024-01-29,purchase
35905,8958,2024-03-31,visit
35906,8958,2024-10-19,visit
35945,8967,2024-02-10,visit
35946,8967,2024-11-16,trial_start
36128,9013,2023-09-07,visit
36129,9013,2024-01-24,visit
36543,9114,2024-09-20,visit
36544,9114,2024-11-16,visit
36562,9120,2023-06-05,trial_start
36563,9120,2023-07-31,visit
36564,9120,2023-11-22,visit
36565,9120,2023-12-08,visit
36566,9120,2024-01-24,visit
36567,9120,2024-05-03,purchase
36568,9120,2024-10-26,signup
37196,9271,2024-12-14,purchase
37197,9271,2024-12-20,visit
37198,9271,2024-12-27,visit
37199,9271,2024-12-31,trial_start
37419,9326,2024-08-24,visit
37420,9326,2024-12-18,visit
37421,9326,2024-12-29,visit
37877,9441,2024-03-10,visit
37878,9441,2024-04-02,trial_start
37879,9441,2024-06-04,visit
37880,9441,2024-08-06,visit
37881,9441,2024-12-25,visit
37955,9460,2024-09-05,visit
37956,9460,2024-10-24,visit
37957,9460,2024-11-23,visit
37958,9460,2024-12-12,visit
38152,9515,2024-03-13,visit
38153,9515,2024-03-27,visit
38154,9515,2024-04-18,visit
38155,9515,2024-05-09,visit
38156,9515,2024-07-12,visit
38157,9515,2024-08-22,signup
38158,9515,2024-09-04,purchase
38159,9515,2024-09-10,signup
38160,9515,2024-09-26,purchase
38161,9515,2024-12-13,purchase
38162,9515,2024-12-26,visit
38210,9528,2024-11-19,purchase
38211,9528,2024-12-04,trial_start
38284,9544,2023-07-30,visit
38285,9544,2023-12-04,cancel
38286,9544,2024-07-28,trial_start
38287,9544,2024-10-24,trial_start
38395,9568,2023-08-01,visit
38396,9568,2023-09-25,visit
38577,9611,2023-09-19,visit
38578,9611,2024-01-05,visit
38579,9611,2024-03-31,visit
38629,9624,2024-04-09,visit
38689,9641,2024-03-13,visit
38690,9641,2024-04-17,visit
38691,9641,2024-06-07,visit
38692,9641,2024-06-12,visit
38693,9641,2024-12-06,visit
38841,9676,2023-07-19,visit
38842,9676,2024-03-05,visit
38843,9676,2024-08-07,visit
39031,9726,2023-06-18,signup
39032,9726,2023-12-28,purchase
39168,9758,2023-12-27,trial_start
39169,9758,2024-01-13,visit
39170,9758,2024-04-11,visit
39171,9758,2024-12-29,visit
39215,9771,2024-10-30,visit
39216,9771,2024-10-31,purchase
39217,9771,2024-11-06,visit
39218,9771,2024-11-14,purchase
39219,9771,2024-12-08,visit
39220,9771,2024-12-20,purchase
39571,9852,2024-10-16,trial_start
39572,9852,2024-10-20,visit
39573,9852,2024-12-25,visit
39619,9865,2023-04-14,visit
39620,9865,2023-10-18,visit
39621,9865,2024-02-06,visit
39622,9865,2024-03-15,signup
39623,9865,2024-03-22,visit
39842,9924,2024-09-04,visit
39843,9924,2024-09-22,trial_start
39844,9924,2024-09-30,purchase
39845,9924,2024-11-10,trial_start
39846,9924,2024-11-14,signup
39847,9924,2024-11-29,visit
40114,9983,2024-05-15,visit
40310,10036,2024-11-26,purchase
40311,10036,2024-12-01,visit
40312,10036,2024-12-05,visit
40313,10036,2024-12-07,visit
40314,10036,2024-12-14,purchase
40315,10036,2024-12-16,cancel
40316,10036,2024-12-18,visit
40317,10036,2024-12-23,visit
40370,10052,2023-12-27,trial_start
40371,10052,2024-06-02,visit
40372,10052,2024-09-01,visit
40604,10109,2024-11-14,visit
40647,10121,2024-02-22,trial_start
40648,10121,2024-04-04,visit
40649,10121,2024-05-26,visit
40650,10121,2024-06-20,trial_start
40651,10121,2024-09-29,visit
41138,10251,2024-05-28,visit
41139,10251,2024-08-19,cancel
41140,10251,2024-09-03,visit
41141,10251,2024-11-10,visit
41142,10251,2024-12-23,visit
41517,10343,2024-08-07,visit
41518,10343,2024-09-15,purchase
41699,10386,2024-09-10,signup
41700,10386,2024-09-23,trial_start
41701,10386,2024-10-14,purchase
41783,10407,2024-09-15,purchase
41784,10407,2024-09-26,visit
41785,10407,2024-11-15,visit
41786,10407,2024-12-23,trial_start
41848,10422,2024-09-06,purchase
41849,10422,2024-09-15,visit
41850,10422,2024-11-02,visit
41851,10422,2024-11-09,trial_start
41852,10422,2024-12-07,visit
41853,10422,2024-12-12,cancel
41854,10422,2024-12-15,trial_start
41855,10422,2024-12-24,visit
41856,10422,2024-12-28,visit
41857,10423,2023-07-26,cancel
41858,10423,2023-08-09,signup
41859,10423,2023-12-30,signup
41860,10423,2024-09-05,purchase
41894,10432,2024-08-05,visit
41895,10432,2024-09-21,visit
41896,10432,2024-11-09,purchase
41897,10432,2024-12-17,visit
42167,10499,2024-11-03,visit
42168,10499,2024-12-19,visit
42312,10538,2024-10-26,signup
42603,10611,2023-11-28,visit
42604,10611,2024-02-15,visit
42605,10611,2024-04-06,visit
42606,10611,2024-04-09,signup
42607,10611,2024-05-20,visit
42608,10611,2024-07-30,cancel
42609,10611,2024-11-13,visit
42744,10646,2024-05-07,purchase
42745,10646,2024-06-17,signup
42746,10646,2024-08-14,visit
42747,10646,2024-10-27,visit
42748,10646,2024-11-11,purchase
42753,10649,2024-12-10,visit
42754,10650,2024-08-09,visit
42755,10650,2024-09-04,trial_start
42756,10650,2024-10-10,cancel
42757,10650,2024-11-07,visit
42758,10650,2024-11-14,trial_start
42759,10650,2024-12-25,trial_start
42760,10651,2024-06-11,visit
42761,10651,2024-08-06,visit
42762,10651,2024-08-28,trial_start
42763,10651,2024-09-04,visit
42764,10651,2024-10-26,visit
42765,10651,2024-12-26,visit
43019,10719,2024-08-29,purchase
43020,10719,2024-10-10,purchase
43021,10719,2024-10-11,trial_start
43022,10719,2024-12-24,visit
43128,10743,2023-04-14,visit
43129,10743,2023-12-31,purchase
43130,10743,2024-01-16,visit
43131,10743,2024-04-12,purchase
43132,10743,2024-07-17,visit
43133,10743,2024-08-23,purchase
43134,10743,2024-12-17,purchase
43419,10808,2024-03-17,visit
43420,10808,2024-04-20,purchase
43421,10808,2024-07-04,visit
43422,10808,2024-12-22,visit
43556,10843,2024-03-02,visit
43557,10843,2024-05-31,purchase
43558,10843,2024-09-09,visit
43983,10948,2023-08-04,visit
43984,10948,2024-11-06,visit
43985,10948,2024-11-25,purchase
44008,10953,2024-01-08,visit
44009,10953,2024-03-27,purchase
44099,10980,2024-05-25,visit
44100,10980,2024-08-08,visit
44221,11014,2024-07-29,visit
44222,11014,2024-10-06,visit
44223,11014,2024-12-04,visit
44224,11014,2024-12-16,signup
44312,11038,2023-11-07,purchase
44313,11038,2024-02-09,trial_start
44314,11038,2024-03-09,visit
44315,11038,2024-09-02,visit
44462,11073,2024-04-20,visit
44463,11073,2024-08-27,signup
44464,11073,2024-10-12,visit
44465,11073,2024-11-19,visit
44466,11073,2024-12-21,signup
44922,11194,2024-02-02,visit
44923,11194,2024-03-27,visit
44924,11194,2024-04-10,signup
44925,11194,2024-04-20,visit
44926,11194,2024-06-14,visit
44927,11194,2024-09-11,visit
44928,11194,2024-09-24,visit
44929,11194,2024-11-11,visit
44930,11194,2024-12-08,signup
45064,11227,2024-10-04,visit
45065,11227,2024-11-06,visit
45201,11264,2023-09-14,purchase
45202,11264,2024-01-02,signup
45203,11264,2024-08-24,visit
45204,11264,2024-09-20,visit
45205,11264,2024-11-23,purchase
45603,11367,2024-08-29,cancel
45604,11367,2024-09-18,trial_start
45655,11379,2024-11-02,visit
45656,11379,2024-11-15,trial_start
45657,11379,2024-11-17,purchase
45658,11379,2024-11-18,visit
45659,11379,2024-11-24,trial_start
45925,11444,2024-05-04,visit
45926,11444,2024-05-20,visit
45927,11444,2024-08-09,visit
45928,11444,2024-12-08,visit
45929,11444,2024-12-10,visit
46222,11519,2024-09-27,trial_start
46301,11541,2023-06-19,visit
46302,11541,2023-06-25,purchase
46303,11541,2024-05-21,visit
46304,11541,2024-09-07,purchase
46305,11541,2024-10-30,visit
46306,11541,2024-12-15,purchase
46327,11549,2024-08-22,visit
46328,11549,2024-08-27,visit
46329,11549,2024-09-02,visit
46330,11549,2024-10-30,visit
46341,11552,2023-05-18,purchase
46342,11552,2024-01-30,purchase
46343,11552,2024-04-28,visit
46344,11552,2024-05-13,visit
46345,11552,2024-09-14,visit
46482,11585,2023-12-27,trial_start
46483,11585,2024-04-26,cancel
46484,11585,2024-06-20,visit
46561,11606,2024-05-08,visit
46562,11606,2024-06-25,visit
46563,11606,2024-11-17,visit
46691,11641,2023-06-24,visit
46692,11641,2024-02-12,signup
46878,11689,2024-11-02,purchase
46879,11689,2024-12-18,visit
46902,11698,2023-10-28,signup
46903,11698,2023-11-03,visit
46904,11698,2024-06-26,visit
46905,11698,2024-11-26,visit
47438,11837,2024-07-21,visit
47439,11837,2024-07-25,visit
47440,11837,2024-10-23,visit
47441,11837,2024-11-26,visit
47447,11839,2023-10-09,visit
47448,11839,2023-12-04,visit
47449,11839,2024-01-21,visit
47450,11839,2024-01-22,trial_start
47451,11839,2024-03-21,purchase
47452,11839,2024-04-26,visit
47642,11882,2023-05-15,purchase
47643,11882,2023-10-31,visit
47644,11882,2024-06-03,purchase
47645,11882,2024-08-28,visit
47993,11964,2024-04-28,trial_start
47994,11964,2024-08-09,trial_start
47995,11964,2024-09-08,trial_start
47996,11964,2024-11-20,trial_start
48002,11966,2024-11-25,visit
48003,11966,2024-12-09,visit
48004,11966,2024-12-17,trial_start
48202,12015,2024-01-16,visit
48203,12015,2024-08-22,purchase
48204,12015,2024-11-16,visit
48205,12015,2024-12-23,visit
48234,12023,2024-04-06,visit
48235,12023,2024-05-11,visit
48236,12023,2024-08-23,trial_start
48237,12023,2024-09-21,visit
48285,12034,2024-10-04,visit
48465,12079,2024-08-22,visit
48466,12079,2024-10-20,visit
48467,12079,2024-11-09,visit
48554,12100,2023-11-13,trial_start
48555,12100,2024-06-08,purchase
48556,12100,2024-06-09,signup
48557,12100,2024-06-24,trial_start
48558,12100,2024-08-06,purchase
48675,12122,2023-06-11,visit
48676,12122,2023-10-05,visit
48677,12122,2024-03-14,purchase
48822,12158,2024-08-15,purchase
48823,12158,2024-12-05,purchase
48925,12187,2023-02-14,visit
48926,12187,2023-11-09,purchase
48927,12187,2023-12-24,purchase
48928,12187,2024-04-01,trial_start
48929,12187,2024-04-19,visit
48930,12187,2024-06-22,visit
48931,12188,2024-06-12,visit
49252,12267,2024-08-20,cancel
49253,12267,2024-09-10,cancel
49254,12267,2024-10-27,visit
49255,12267,2024-12-04,signup
49553,12345,2023-04-18,trial_start
49554,12345,2023-05-13,visit
49555,12345,2023-05-29,trial_start
49556,12345,2023-07-26,visit
49557,12345,2023-10-16,visit
49558,12345,2023-11-11,visit
49559,12345,2024-01-02,trial_start
49648,12367,2023-10-07,cancel
49649,12367,2024-07-11,visit
49650,12367,2024-11-04,trial_start
49797,12408,2024-05-30,visit
50272,12522,2024-05-23,purchase
50273,12522,2024-06-29,visit
50274,12522,2024-12-10,visit
50288,12528,2024-03-26,visit
50289,12528,2024-04-29,signup
50290,12528,2024-06-22,purchase
50291,12528,2024-08-04,purchase
50292,12528,2024-10-18,visit
50295,12530,2023-08-21,visit
50296,12530,2023-11-25,purchase
50297,12530,2024-03-21,visit
50298,12530,2024-04-26,visit
50299,12530,2024-08-26,purchase
50422,12563,2023-12-30,visit
50423,12563,2024-02-25,visit
50424,12563,2024-03-13,visit
50425,12563,2024-06-11,trial_start
50426,12563,2024-09-18,visit
50436,12567,2023-06-11,purchase
50437,12567,2023-07-19,trial_start
50438,12567,2024-02-15,visit
50439,12567,2024-03-28,trial_start
50440,12567,2024-06-04,purchase
50441,12567,2024-07-16,visit
50442,12567,2024-09-24,visit
50639,12620,2023-08-27,visit
50640,12620,2024-06-02,purchase
50641,12620,2024-10-29,visit
50663,12625,2024-05-26,trial_start
50664,12625,2024-06-13,visit
50665,12625,2024-08-02,trial_start
50666,12625,2024-08-17,visit
50688,12631,2024-12-31,purchase
50689,12631,2024-12-31,purchase
50690,12631,2024-12-31,visit
50691,12631,2024-12-31,purchase
50692,12631,2024-12-31,visit
50693,12631,2024-12-31,visit
50694,12631,2024-12-31,visit
50708,12635,2024-08-13,signup
50709,12635,2024-09-08,visit
50710,12635,2024-10-09,purchase
50864,12674,2024-04-28,visit
50865,12674,2024-10-30,purchase
50866,12674,2024-12-02,signup
50902,12681,2024-02-27,visit
50903,12681,2024-03-10,visit
51161,12752,2024-08-26,visit
51162,12752,2024-11-30,visit
51285,12788,2024-08-17,visit
51286,12788,2024-08-27,trial_start
51287,12788,2024-09-20,visit
51288,12788,2024-10-12,visit
51302,12792,2024-06-27,visit
51303,12792,2024-07-01,trial_start
51304,12792,2024-07-24,visit
51305,12792,2024-09-07,purchase
51306,12792,2024-10-07,purchase
51307,12792,2024-12-24,visit
51411,12823,2023-06-29,cancel
51412,12823,2024-03-12,purchase
51413,12823,2024-10-03,visit
51564,12864,2023-10-23,purchase
51565,12864,2024-05-20,visit
51566,12864,2024-12-13,visit
52072,12990,2024-12-06,purchase
52073,12990,2024-12-07,visit
52074,12990,2024-12-21,visit
52104,12999,2024-06-12,visit
52105,12999,2024-07-06,trial_start
52106,12999,2024-09-10,visit
52293,13044,2024-01-18,visit
52294,13044,2024-12-02,signup
52357,13061,2024-04-06,visit
52430,13080,2023-11-04,visit
52431,13080,2024-07-25,purchase
52432,13080,2024-08-12,visit
52433,13080,2024-10-19,visit
52609,13125,2024-02-03,visit
52610,13125,2024-02-17,visit
52611,13125,2024-04-20,purchase
52612,13125,2024-06-20,visit
52613,13125,2024-09-19,visit
52614,13125,2024-09-29,trial_start
52615,13125,2024-12-04,purchase
52616,13125,2024-12-23,purchase
52673,13138,2023-11-04,signup
52674,13138,2024-08-11,purchase
52675,13139,2024-08-19,visit
52676,13139,2024-12-03,visit
53054,13226,2024-07-05,visit
53055,13226,2024-08-23,visit
53056,13226,2024-08-29,visit
53057,13226,2024-09-21,visit
53058,13226,2024-11-11,trial_start
53059,13226,2024-12-05,purchase
53551,13348,2024-02-10,signup
53552,13348,2024-05-01,visit
53553,13348,2024-05-05,visit
53554,13348,2024-05-14,visit
53555,13348,2024-05-27,visit
53583,13356,2024-03-24,visit
53584,13356,2024-07-28,purchase
53585,13356,2024-09-28,visit
53586,13356,2024-10-27,visit
53587,13356,2024-10-30,trial_start
53588,13356,2024-11-17,visit
53589,13356,2024-11-18,purchase
53590,13356,2024-12-11,visit
53612,13364,2024-07-15,visit
53613,13364,2024-09-20,visit
53614,13364,2024-09-22,visit
53615,13364,2024-11-21,cancel
53616,13364,2024-12-01,purchase
53666,13378,2023-02-28,purchase
53667,13378,2024-02-07,visit
53668,13378,2024-06-21,purchase
53669,13378,2024-07-27,trial_start
53828,13420,2024-05-21,visit
53847,13427,2024-10-14,visit
53848,13427,2024-10-26,signup
53849,13427,2024-11-04,signup
53850,13427,2024-11-19,signup
53851,13427,2024-11-19,signup
53852,13427,2024-12-07,visit
53887,13436,2024-10-11,purchase
53888,13436,2024-11-27,visit
53889,13436,2024-11-30,visit
53890,13436,2024-12-20,signup
54081,13481,2023-12-30,visit
54082,13481,2024-03-28,visit
54083,13481,2024-04-28,visit
54084,13481,2024-05-09,visit
54085,13481,2024-10-26,signup
54504,13590,2023-07-23,visit
54505,13590,2023-12-24,visit
54506,13590,2024-05-16,visit
54507,13590,2024-08-01,visit
54508,13590,2024-11-10,visit
54512,13592,2024-03-23,visit
54513,13592,2024-05-30,signup
54514,13592,2024-06-23,visit
54515,13592,2024-06-25,visit
54516,13592,2024-07-16,visit
54517,13592,2024-08-03,purchase
54518,13592,2024-10-28,purchase
54519,13592,2024-12-16,visit
54750,13652,2024-08-10,visit
54770,13657,2023-07-07,visit
54771,13657,2023-08-30,visit
54772,13657,2024-03-13,visit
54773,13657,2024-10-03,visit
54830,13671,2024-08-06,visit
54831,13671,2024-08-07,signup
54832,13671,2024-10-08,trial_start
54833,13671,2024-10-31,visit
55038,13723,2024-10-10,purchase
55039,13723,2024-10-21,visit
55040,13723,2024-10-24,purchase
55041,13723,2024-10-27,trial_start
55042,13723,2024-12-17,visit
55043,13723,2024-12-28,visit
55441,13814,2023-11-08,trial_start
55442,13814,2024-02-19,signup
55499,13830,2024-04-14,purchase
55500,13830,2024-08-08,visit
55501,13830,2024-12-21,signup
55528,13836,2024-05-25,trial_start
55529,13836,2024-07-18,visit
55530,13836,2024-09-02,visit
55531,13836,2024-11-17,visit
55723,13885,2024-11-15,visit
55724,13885,2024-12-06,visit
55725,13885,2024-12-06,signup
55726,13885,2024-12-14,trial_start
55727,13885,2024-12-18,visit
55728,13885,2024-12-25,purchase
55729,13885,2024-12-31,visit
55798,13903,2024-10-06,visit
55799,13903,2024-10-28,signup
55800,13903,2024-12-16,purchase
55801,13903,2024-12-28,visit
55979,13949,2024-05-24,visit
55982,13952,2024-07-20,visit
55983,13952,2024-08-26,purchase
55984,13952,2024-09-22,visit
55985,13952,2024-12-13,visit
55986,13952,2024-12-21,cancel
55987,13952,2024-12-27,visit
56181,14002,2024-10-22,purchase
56182,14002,2024-11-04,purchase
56183,14002,2024-11-19,trial_start
56184,14002,2024-12-02,visit
56185,14002,2024-12-09,purchase
56186,14002,2024-12-17,cancel
56235,14013,2024-09-14,purchase
56236,14013,2024-10-14,purchase
56365,14047,2024-08-22,visit
56366,14047,2024-10-25,purchase
56367,14047,2024-12-13,purchase
56368,14047,2024-12-28,visit
56582,14105,2024-05-17,trial_start
56583,14105,2024-07-19,visit
56584,14105,2024-10-11,purchase
56585,14105,2024-10-25,signup
56586,14105,2024-10-31,cancel
56587,14105,2024-12-30,purchase
56815,14164,2024-01-08,visit
56816,14164,2024-04-17,purchase
56817,14164,2024-05-24,cancel
56818,14164,2024-08-23,trial_start
56819,14164,2024-09-02,visit
58083,14481,2023-09-14,visit
58084,14481,2024-03-22,visit
58085,14481,2024-05-21,trial_start
58086,14481,2024-10-11,trial_start
58240,14522,2023-08-04,visit
58241,14522,2023-09-23,visit
58242,14522,2024-04-19,trial_start
58243,14522,2024-08-21,signup
58244,14522,2024-10-26,visit
58429,14569,2023-11-20,visit
58430,14569,2023-12-04,cancel
58431,14569,2024-01-24,purchase
58432,14569,2024-07-17,purchase
58485,14584,2023-06-28,trial_start
58486,14584,2023-09-10,visit
58487,14584,2024-02-22,signup
58488,14584,2024-06-13,visit
58489,14584,2024-12-30,visit
58776,14653,2023-05-31,purchase
58777,14653,2023-07-05,trial_start
58778,14653,2023-11-27,purchase
58779,14653,2024-02-29,purchase
58780,14653,2024-11-20,trial_start
59164,14748,2023-12-31,visit
59165,14748,2024-01-13,purchase
59166,14748,2024-04-16,trial_start
59167,14748,2024-04-19,visit
59168,14748,2024-07-18,signup
59169,14748,2024-10-24,visit
59170,14748,2024-10-29,visit
59171,14748,2024-12-04,visit
59192,14754,2023-10-11,visit
59193,14754,2024-02-01,visit
59194,14754,2024-03-31,visit
59313,14783,2024-11-12,visit
59314,14783,2024-12-01,purchase
59315,14783,2024-12-06,purchase
59316,14783,2024-12-07,visit
59317,14783,2024-12-09,visit
59318,14783,2024-12-13,signup
59319,14783,2024-12-14,visit
59320,14783,2024-12-16,visit
59321,14783,2024-12-16,purchase
59322,14783,2024-12-22,purchase
59579,14846,2024-12-19,visit
59640,14866,2023-07-06,trial_start
59641,14866,2023-12-21,purchase
59642,14866,2023-12-29,visit
59643,14866,2024-04-04,visit
59644,14866,2024-05-20,visit
59645,14866,2024-06-10,visit
59646,14866,2024-11-03,visit
59778,14901,2023-06-20,visit
59779,14901,2023-12-11,visit
59780,14901,2023-12-31,trial_start
59781,14901,2024-02-08,trial_start
59782,14901,2024-10-08,trial_start
59883,14927,2024-05-06,visit
59884,14927,2024-05-15,trial_start
59885,14927,2024-05-18,visit
59886,14927,2024-07-05,visit
59887,14927,2024-07-11,signup
59888,14927,2024-11-30,visit
59914,14933,2024-08-27,signup
59915,14933,2024-10-13,visit
59969,14946,2024-11-13,visit
59970,14946,2024-12-30,trial_start
60073,14971,2023-06-06,visit
60074,14971,2023-06-25,visit
60075,14971,2024-02-19,visit
60096,14977,2024-12-17,trial_start
60143,14991,2024-02-12,signup
60144,14991,2024-07-03,visit
60145,14991,2024-09-06,visit
60493,15085,2024-09-01,visit
60546,15098,2024-08-18,visit
60547,15098,2024-08-25,purchase
60548,15098,2024-11-14,signup
60722,15140,2024-10-01,visit
60723,15140,2024-11-12,visit
60775,15156,2024-11-04,visit
60776,15156,2024-11-15,purchase
60777,15156,2024-11-23,visit
60778,15156,2024-12-15,trial_start
61026,15216,2023-11-24,visit
61027,15216,2024-04-28,visit
61028,15216,2024-05-30,signup
61029,15216,2024-06-30,visit
61030,15216,2024-09-19,visit
61031,15216,2024-11-17,visit
61032,15216,2024-12-01,visit
61098,15232,2024-10-10,purchase
61099,15232,2024-10-29,visit
61100,15232,2024-11-14,purchase
61101,15232,2024-11-25,visit
61267,15274,2024-11-01,visit
61268,15274,2024-11-15,visit
61269,15274,2024-12-09,visit
61270,15274,2024-12-21,purchase
61283,15279,2024-02-09,purchase
61284,15279,2024-02-16,purchase
61285,15279,2024-05-08,visit
61286,15279,2024-08-20,visit
61287,15279,2024-09-24,purchase
61390,15305,2024-07-06,trial_start
61391,15305,2024-10-14,visit
61392,15305,2024-12-01,visit
61890,15441,2023-11-09,visit
61891,15441,2024-02-18,cancel
61892,15441,2024-02-28,visit
61893,15441,2024-04-12,visit
61894,15441,2024-05-28,trial_start
61895,15441,2024-07-31,visit
61896,15441,2024-10-30,trial_start
61897,15441,2024-12-01,visit
61960,15456,2024-07-21,visit
61961,15456,2024-07-30,visit
61962,15456,2024-09-15,visit
61963,15456,2024-10-23,visit
61964,15456,2024-12-18,signup
62065,15485,2024-09-08,purchase
62066,15485,2024-10-26,purchase
62067,15485,2024-12-16,visit
62267,15538,2024-10-30,visit
62268,15538,2024-11-14,signup
62269,15538,2024-12-22,visit
62639,15631,2024-06-25,purchase
62640,15631,2024-12-06,visit
62641,15631,2024-12-22,visit
62691,15646,2023-06-01,purchase
62692,15646,2023-06-10,visit
62693,15646,2023-12-14,visit
62694,15646,2024-12-07,signup
62835,15684,2024-11-09,visit
62896,15699,2024-08-22,visit
62897,15699,2024-09-04,trial_start
62898,15699,2024-10-13,visit
62899,15699,2024-11-15,signup
62900,15699,2024-11-27,visit
62901,15699,2024-12-03,visit
62902,15699,2024-12-19,visit
62903,15699,2024-12-28,visit
63033,15730,2024-04-24,visit
63034,15730,2024-09-16,signup
63139,15758,2024-06-11,visit
63140,15758,2024-10-14,signup
63141,15758,2024-10-19,visit
63142,15758,2024-12-31,visit
63234,15783,2024-06-16,visit
63235,15783,2024-07-29,visit
63236,15783,2024-11-11,visit
63237,15783,2024-11-26,visit
63238,15784,2023-06-11,signup
63239,15784,2024-05-29,purchase
63689,15885,2023-07-18,signup
63690,15885,2023-10-30,signup
63691,15885,2024-03-21,signup
63692,15885,2024-04-17,trial_start
64006,15958,2024-05-29,visit
64007,15958,2024-08-28,visit
64077,15975,2024-02-18,visit
64078,15975,2024-02-20,signup
64079,15975,2024-06-21,visit
64080,15975,2024-06-26,visit
64081,15975,2024-09-22,visit
64082,15975,2024-10-12,visit
64115,15984,2024-04-15,purchase
64116,15984,2024-04-25,visit
64117,15984,2024-07-08,visit
64118,15984,2024-08-11,visit
64417,16061,2024-11-03,purchase
64418,16061,2024-12-12,visit
64453,16071,2024-08-15,signup
64454,16071,2024-09-16,cancel
64455,16071,2024-10-27,trial_start
64456,16071,2024-10-31,trial_start
64457,16071,2024-12-10,purchase
64548,16091,2024-03-30,purchase
64549,16091,2024-04-12,purchase
64550,16091,2024-07-12,trial_start
64757,16137,2024-11-25,visit
64758,16137,2024-12-01,trial_start
64759,16137,2024-12-02,purchase
64760,16137,2024-12-23,visit
64761,16137,2024-12-26,cancel
64785,16144,2024-01-30,visit
64786,16144,2024-04-23,visit
64787,16144,2024-08-16,purchase
64788,16144,2024-08-18,purchase
64789,16144,2024-09-29,cancel
64790,16144,2024-11-06,visit
64791,16144,2024-12-12,purchase
64792,16144,2024-12-21,cancel
65442,16297,2023-06-06,signup
65443,16297,2023-08-24,signup
65444,16297,2024-03-13,visit
65445,16297,2024-03-17,visit
65446,16297,2024-05-06,visit
65447,16297,2024-08-04,trial_start
65850,16398,2023-12-10,purchase
65937,16422,2024-09-19,trial_start
65938,16422,2024-10-10,visit
65939,16422,2024-11-16,visit
65940,16422,2024-11-19,visit
66021,16442,2023-10-04,visit
66022,16442,2024-06-23,trial_start
66023,16442,2024-11-20,visit
66161,16477,2024-05-02,visit
66162,16477,2024-05-13,visit
66163,16477,2024-08-26,visit
66164,16477,2024-11-29,trial_start
66200,16488,2024-11-03,trial_start
66201,16488,2024-11-09,visit
66275,16507,2024-07-20,purchase
66276,16507,2024-08-19,cancel
66277,16507,2024-08-30,visit
66278,16507,2024-09-14,visit
66279,16507,2024-12-25,visit
66280,16507,2024-12-30,visit
66388,16531,2023-11-19,visit
66389,16531,2024-01-12,purchase
66390,16531,2024-05-29,purchase
66400,16534,2024-10-03,visit
66643,16593,2024-05-08,visit
66644,16593,2024-12-21,purchase
66748,16616,2024-07-20,visit
67013,16676,2024-05-18,visit
67014,16676,2024-11-19,cancel
67468,16797,2024-05-23,signup
67469,16797,2024-12-30,visit
67711,16864,2024-04-05,signup
68030,16947,2024-05-31,visit
68031,16947,2024-12-16,trial_start
68117,16973,2024-11-01,visit
68118,16973,2024-11-12,visit
68290,17021,2023-03-17,signup
68291,17021,2024-05-09,visit
68292,17021,2024-11-14,purchase
68342,17037,2023-10-04,purchase
68343,17037,2024-01-05,purchase
68430,17060,2023-10-02,signup
68431,17060,2023-10-19,purchase
68432,17060,2023-12-04,visit
68433,17060,2023-12-06,purchase
68434,17060,2023-12-14,signup
68435,17060,2023-12-17,visit
68436,17060,2024-07-01,signup
68437,17060,2024-08-07,cancel
68438,17060,2024-08-30,visit
68439,17060,2024-11-21,visit
68552,17086,2024-12-21,trial_start
68761,17137,2024-07-13,signup
68762,17137,2024-11-12,purchase
68763,17137,2024-12-01,visit
68801,17148,2024-10-08,visit
68802,17148,2024-10-16,visit
68917,17184,2023-05-02,signup
68918,17184,2023-06-11,cancel
68919,17184,2024-03-26,visit
68920,17184,2024-04-17,visit
68921,17184,2024-04-24,signup
68939,17190,2024-08-14,trial_start
68940,17190,2024-08-16,signup
68941,17190,2024-09-15,visit
68942,17190,2024-10-12,purchase
68943,17190,2024-11-16,trial_start
68944,17190,2024-12-13,visit
68945,17190,2024-12-30,purchase
68968,17197,2024-10-13,visit
69094,17233,2023-06-23,purchase
69095,17233,2023-10-19,visit
69096,17233,2023-11-10,cancel
69097,17233,2023-12-25,trial_start
69098,17233,2024-07-18,purchase
69099,17233,2024-09-04,trial_start
69100,17233,2024-11-08,signup
69101,17233,2024-11-15,visit
69270,17277,2024-12-11,cancel
69271,17277,2024-12-18,signup
69272,17278,2024-03-15,trial_start
69273,17278,2024-03-15,visit
69741,17396,2024-03-31,visit
69742,17396,2024-06-05,signup
69743,17396,2024-08-30,visit
69792,17408,2023-12-20,visit
69793,17408,2024-01-03,trial_start
69794,17408,2024-05-22,visit
69795,17408,2024-08-11,visit
69796,17408,2024-11-28,purchase
69804,17411,2024-07-31,visit
69805,17411,2024-08-18,purchase
69910,17437,2024-03-28,trial_start
69911,17437,2024-04-05,trial_start
69912,17437,2024-10-28,visit
69943,17444,2024-08-29,visit
69944,17444,2024-10-22,visit
69945,17444,2024-10-22,visit
69946,17444,2024-11-30,visit
70071,17478,2023-12-19,visit
70230,17518,2024-02-22,visit
70231,17518,2024-09-12,purchase
70232,17518,2024-11-09,visit
70248,17525,2023-05-28,purchase
70249,17525,2023-07-13,signup
70250,17525,2024-01-14,signup
70251,17525,2024-12-25,visit
70371,17554,2024-02-12,trial_start
70593,17610,2024-05-30,purchase
70594,17610,2024-06-04,signup
70595,17610,2024-09-08,visit
70596,17610,2024-10-02,visit
70628,17618,2024-08-30,visit
70629,17618,2024-09-05,visit
70630,17618,2024-10-10,purchase
70631,17618,2024-12-22,trial_start
70741,17649,2024-09-28,purchase
70742,17649,2024-12-16,trial_start
70743,17649,2024-12-26,visit
70759,17654,2023-09-16,visit
70760,17654,2023-09-21,visit
70761,17654,2023-12-29,visit
70762,17654,2024-06-05,trial_start
70763,17654,2024-07-20,visit
70764,17654,2024-11-01,purchase
71045,17726,2024-04-14,visit
71046,17726,2024-05-19,visit
71047,17726,2024-09-30,visit
71048,17726,2024-12-22,trial_start
71122,17745,2024-10-10,visit
71123,17745,2024-10-29,visit
71124,17745,2024-11-05,visit
71125,17745,2024-12-07,purchase
71126,17745,2024-12-10,trial_start
71127,17745,2024-12-16,visit
71128,17745,2024-12-26,trial_start
71330,17797,2024-12-08,signup
71331,17797,2024-12-08,purchase
71332,17797,2024-12-14,purchase
71333,17797,2024-12-14,visit
71334,17797,2024-12-26,visit
71335,17797,2024-12-27,visit
71336,17797,2024-12-31,purchase
71412,17816,2024-03-02,visit
71413,17816,2024-04-23,cancel
71414,17816,2024-08-27,visit
71415,17816,2024-10-12,cancel
71420,17819,2024-12-24,signup
71656,17881,2024-02-26,purchase
71657,17881,2024-07-24,visit
71658,17881,2024-07-31,purchase
71865,17929,2024-07-02,signup
71866,17929,2024-07-05,visit
71867,17929,2024-07-18,signup
71868,17929,2024-08-06,purchase
71869,17929,2024-08-06,signup
71870,17929,2024-09-07,purchase
71871,17929,2024-09-07,visit
71872,17929,2024-09-11,visit
72073,17988,2024-07-04,signup
72074,17988,2024-09-11,visit
72075,17988,2024-11-01,purchase
72076,17988,2024-11-02,trial_start
72643,18128,2023-10-14,visit
72644,18128,2024-03-29,visit
72752,18154,2024-11-02,visit
72753,18154,2024-11-15,visit
72754,18154,2024-11-16,signup
72755,18154,2024-12-01,cancel
72756,18154,2024-12-15,visit
72757,18154,2024-12-16,purchase
72758,18154,2024-12-22,visit
73173,18262,2024-01-02,visit
73174,18262,2024-02-29,visit
73175,18262,2024-05-10,visit
73176,18262,2024-09-10,visit
73177,18262,2024-09-27,purchase
73273,18286,2023-12-10,visit
73274,18286,2024-02-09,visit
73275,18286,2024-03-05,visit
73276,18286,2024-05-22,visit
73277,18286,2024-06-19,visit
73278,18286,2024-11-13,visit
73284,18288,2023-09-13,visit
73285,18288,2023-11-14,cancel
73286,18288,2024-02-02,cancel
73287,18288,2024-07-27,visit
73408,18322,2024-09-14,trial_start
73409,18322,2024-11-01,visit
73410,18322,2024-11-23,visit
73411,18322,2024-11-26,purchase
73412,18322,2024-11-28,visit
73413,18322,2024-12-01,trial_start
73584,18367,2024-10-13,visit
73585,18367,2024-10-22,purchase
73586,18367,2024-11-10,visit
73587,18367,2024-11-15,signup
73588,18367,2024-12-16,signup
73765,18409,2023-10-27,visit
73766,18409,2024-04-21,trial_start
73767,18409,2024-10-08,visit
73977,18467,2024-08-13,visit
74085,18495,2024-01-14,visit
74086,18495,2024-07-16,signup
74087,18495,2024-09-11,signup
74088,18495,2024-12-10,visit
74160,18513,2023-11-14,purchase
74161,18513,2024-03-09,signup
74162,18513,2024-06-03,visit
74307,18554,2023-10-27,purchase
74308,18554,2024-05-30,visit
74384,18573,2023-07-24,trial_start
74385,18573,2023-08-28,trial_start
74386,18573,2024-09-26,trial_start
74387,18573,2024-10-17,visit
74568,18622,2023-10-27,visit
74569,18622,2024-06-19,purchase
74570,18622,2024-08-27,purchase
74571,18622,2024-09-21,visit
74612,18632,2024-10-02,cancel
74613,18632,2024-10-13,visit
74614,18632,2024-12-30,visit
74839,18685,2024-09-27,signup
74840,18685,2024-11-23,visit
74841,18685,2024-11-30,visit
74842,18685,2024-12-28,visit
74843,18685,2024-12-30,visit
75071,18740,2024-12-06,visit
75072,18740,2024-12-07,visit
75073,18740,2024-12-14,purchase
75074,18740,2024-12-23,visit
75172,18766,2024-06-10,visit
75173,18766,2024-08-07,trial_start
75174,18766,2024-11-12,trial_start
75396,18822,2024-02-15,visit
75397,18822,2024-03-20,visit
75398,18822,2024-05-14,cancel
75433,18831,2023-04-10,purchase
75434,18831,2023-06-11,visit
75435,18831,2023-11-28,cancel
75436,18831,2024-01-28,visit
75437,18831,2024-09-07,visit
75438,18831,2024-12-17,visit
75801,18912,2023-06-06,purchase
75802,18912,2023-09-07,trial_start
75803,18912,2024-01-12,visit
75804,18912,2024-08-19,visit
75805,18912,2024-09-12,visit
75806,18912,2024-09-17,visit
76281,19025,2024-03-25,purchase
76389,19056,2024-01-06,visit
76390,19056,2024-01-27,visit
76391,19056,2024-02-04,visit
76459,19074,2023-11-26,purchase
76460,19074,2024-07-20,trial_start
76461,19074,2024-08-15,visit
76462,19074,2024-09-06,signup
76465,19076,2024-06-22,signup
76466,19076,2024-08-30,trial_start
76535,19095,2024-05-11,visit
76536,19095,2024-06-01,trial_start
76537,19095,2024-06-04,visit
76538,19095,2024-06-16,visit
76539,19095,2024-07-22,visit
76540,19095,2024-08-21,visit
76690,19133,2024-07-07,visit
76691,19133,2024-09-04,trial_start
76692,19133,2024-11-17,purchase
76744,19146,2024-10-18,visit
76745,19146,2024-12-06,visit
76746,19146,2024-12-11,purchase
76747,19146,2024-12-16,visit
76913,19184,2023-07-30,visit
76914,19184,2023-11-08,visit
76915,19184,2023-12-25,visit
76916,19184,2024-05-10,visit
76917,19184,2024-12-27,purchase
77239,19258,2023-10-03,visit
77339,19286,2024-12-05,cancel
77340,19286,2024-12-05,visit
77341,19286,2024-12-14,purchase
77772,19394,2024-09-01,purchase
77773,19394,2024-10-18,visit
77774,19394,2024-10-30,purchase
77775,19394,2024-11-03,cancel
77776,19394,2024-11-09,visit
77777,19394,2024-11-27,purchase
77851,19412,2024-06-06,visit
77852,19412,2024-06-08,visit
77853,19412,2024-09-13,trial_start
77854,19412,2024-11-21,signup
78275,19524,2024-10-30,visit
78276,19524,2024-12-08,visit
78349,19545,2024-11-07,visit
78350,19545,2024-11-07,trial_start
78351,19545,2024-12-17,visit
78499,19581,2024-06-26,visit
78500,19581,2024-07-02,visit
78501,19581,2024-09-29,cancel
78782,19648,2024-10-22,purchase
78783,19648,2024-11-01,visit
78784,19648,2024-11-09,trial_start
78785,19648,2024-11-20,visit
78786,19648,2024-11-23,visit
78787,19648,2024-12-02,visit
78788,19648,2024-12-02,signup
79061,19715,2024-06-08,visit
79062,19715,2024-08-18,visit
79063,19715,2024-12-09,visit
79064,19715,2024-12-15,visit
79075,19718,2024-12-20,signup
79076,19718,2024-12-22,visit
79077,19718,2024-12-26,signup
79078,19718,2024-12-27,visit
79079,19718,2024-12-31,purchase
79130,19731,2024-12-24,visit
79298,19772,2024-11-19,purchase
79503,19827,2024-09-03,signup
79504,19827,2024-09-20,purchase
79505,19827,2024-10-31,purchase
79506,19827,2024-12-07,visit
79507,19827,2024-12-26,signup
79678,19875,2024-12-27,visit
79679,19875,2024-12-28,purchase
79680,19875,2024-12-29,purchase
79681,19875,2024-12-31,visit
79840,19918,2024-10-11,trial_start
79841,19918,2024-10-24,visit
79842,19918,2024-11-07,signup
79843,19918,2024-11-09,visit
79844,19918,2024-12-13,visit
